{
    "accuracy score": 0.8666666666666667,
    "precision": 0.8709677419354839,
    "recall": 0.8709677419354839,
    "f1 score": 0.8709677419354839
}
